network,strategy,threshold_mean_real,threshold_mean_BA,delta_threshold,delta_threshold_std
AS Internet,degree-targeted attack,0.0299906279287722,0.1499531396438612,-0.119962511715089,0.0
AS Internet,random failure,0.8214620431115277,0.7859559512652297,0.03550609184629805,0.03327513304569707
WWW Notre Dame,degree-targeted attack,0.0799990175882405,0.2299979430753786,-0.1499989254871381,0.0
WWW Notre Dame,random failure,0.7484987520300618,0.840998805755705,-0.09250005372564318,0.014551486502164201
