network,model,nodes,edges,<k>,<k^2>,<k^2>/<k>,avg_clustering,giant_component_frac,density
AS Internet,real,10670,22002,4.124,1040.112,252.204,0.297,1.0,0.000387
AS Internet,ER,10670,21987,4.121,21.132,5.128,0.0004,0.9836,0.000386
AS Internet,BA,10670,21336,3.999,57.119,14.283,0.0037,1.0,0.000375
AS Internet,CM,10670,19889,3.728,464.165,124.507,0.0852,0.9596,0.000349
WWW Notre Dame,real,325729,1090108,6.693,1878.686,280.68,0.2346,1.0,2.1e-05
WWW Notre Dame,ER,325729,1090907,6.698,51.52,7.692,0.0,0.9986,2.1e-05
WWW Notre Dame,BA,325729,977178,6.0,163.299,27.217,0.0003,1.0,1.8e-05
WWW Notre Dame,CM,325729,1080485,6.634,1563.894,235.73,0.0074,0.9613,2e-05
